<CiscoIPPhoneImageList>
<!-- Please Add Images to the end of the list-->
<ImageItem Image="TFTP:Desktops/800x480x24/CSPTITTIES.png" URL="TFTP:Desktops/800x480x24/CSPMAIN.png"/>
<ImageItem Image="TFTP:Desktops/800x480x24/avenue_139x109.png" URL="TFTP:Desktops/800x480x24/avenue_800x480.png"/>
<ImageItem Image="TFTP:Desktops/800x480x24/digitization_139x109.png" URL="TFTP:Desktops/800x480x24/digitization_800x480.png"/>
<ImageItem Image="TFTP:Desktops/800x480x24/equalizer_139x109.png" URL="TFTP:Desktops/800x480x24/equalizer_800x480.png"/>
<ImageItem Image="TFTP:Desktops/800x480x24/kub_139x109.png" URL="TFTP:Desktops/800x480x24/kub_800x480.png"/>
<ImageItem Image="TFTP:Desktops/800x480x24/lavender-field_139x109.png" URL="TFTP:Desktops/800x480x24/lavender-field_800x480.png"/>
<ImageItem Image="TFTP:Desktops/800x480x24/soap-bubble_139x109.png" URL="TFTP:Desktops/800x480x24/soap-bubble_800x480.png"/> 
<ImageItem Image="TFTP:Desktops/800x480x24/circuit_139x109.png" URL="TFTP:Desktops/800x480x24/circuit_800x480.png"/> 
<ImageItem Image="TFTP:Desktops/800x480x24/syn_wallpaper_thumb_02.png" URL="TFTP:Desktops/800x480x24/syn_wallpaper_02.png"/>
<ImageItem Image="TFTP:Desktops/800x480x24/syn_wallpaper_thumb_03.png" URL="TFTP:Desktops/800x480x24/syn_wallpaper_03.png"/>
<ImageItem Image="TFTP:Desktops/800x480x24/syn_wallpaper_thumb_04.png" URL="TFTP:Desktops/800x480x24/syn_wallpaper_04.png"/>
<ImageItem Image="TFTP:Desktops/800x480x24/syn_wallpaper_thumb_05.png" URL="TFTP:Desktops/800x480x24/syn_wallpaper_05.png"/>
<ImageItem Image="TFTP:Desktops/800x480x24/syn_wallpaper_thumb_06.png" URL="TFTP:Desktops/800x480x24/syn_wallpaper_06.png"/>
<ImageItem Image="TFTP:Desktops/800x480x24/syn_wallpaper_thumb_07.png" URL="TFTP:Desktops/800x480x24/syn_wallpaper_07.png"/>
<ImageItem Image="TFTP:Desktops/800x480x24/syn_wallpaper_thumb_08.png" URL="TFTP:Desktops/800x480x24/syn_wallpaper_08.png"/>
<ImageItem Image="TFTP:Desktops/800x480x24/syn_wallpaper_thumb_09.png" URL="TFTP:Desktops/800x480x24/syn_wallpaper_09.png"/>
<ImageItem Image="TFTP:Desktops/800x480x24/syn_wallpaper_thumb_10.png" URL="TFTP:Desktops/800x480x24/syn_wallpaper_10.png"/>
<ImageItem Image="TFTP:Desktops/800x480x24/syn_wallpaper_thumb_11.png" URL="TFTP:Desktops/800x480x24/syn_wallpaper_11.png"/>
<ImageItem Image="TFTP:Desktops/800x480x24/syn_wallpaper_thumb_12.png" URL="TFTP:Desktops/800x480x24/syn_wallpaper_12.png"/>
<ImageItem Image="TFTP:Desktops/800x480x24/angrybirds_thumb.png" URL="TFTP:Desktops/800x480x24/angrybirds.png"/>
<ImageItem Image="TFTP:Desktops/800x480x24/phonenet_thumb.png" URL="TFTP:Desktops/800x480x24/phonenet.png"/>
<ImageItem Image="TFTP:Desktops/800x480x24/ecfapenis.png" URL="TFTP:Desktops/800x480x24/ecfapenis.png"/>
</CiscoIPPhoneImageList>