<CiscoIPPhoneImageList>
<ImageItem Image="TFTP:Desktops/800x480x24/CSPCPBX_thumb.png" URL="TFTP:Desktops/800x480x24/CSPCPBX.png"/>
<ImageItem Image="TFTP:Desktops/800x480x24/CSPCSPNet_thumb.png" URL="TFTP:Desktops/800x480x24/CSPCSPNet.png"/>
<ImageItem Image="TFTP:Desktops/800x480x24/UNITYNET_thumb.png" URL="TFTP:Desktops/800x480x24/UNITYNET.png"/>
<ImageItem Image="TFTP:Desktops/800x480x24/syn_wallpaper_thumb_02.png" URL="TFTP:Desktops/800x480x24/syn_wallpaper_02.png"/>
<ImageItem Image="TFTP:Desktops/800x480x24/syn_wallpaper_thumb_03.png" URL="TFTP:Desktops/800x480x24/syn_wallpaper_03.png"/>
<ImageItem Image="TFTP:Desktops/800x480x24/syn_wallpaper_thumb_04.png" URL="TFTP:Desktops/800x480x24/syn_wallpaper_04.png"/>
<ImageItem Image="TFTP:Desktops/800x480x24/syn_wallpaper_thumb_05.png" URL="TFTP:Desktops/800x480x24/syn_wallpaper_05.png"/>
<ImageItem Image="TFTP:Desktops/800x480x24/syn_wallpaper_thumb_06.png" URL="TFTP:Desktops/800x480x24/syn_wallpaper_06.png"/>
<ImageItem Image="TFTP:Desktops/800x480x24/syn_wallpaper_thumb_07.png" URL="TFTP:Desktops/800x480x24/syn_wallpaper_07.png"/>
<ImageItem Image="TFTP:Desktops/800x480x24/syn_wallpaper_thumb_08.png" URL="TFTP:Desktops/800x480x24/syn_wallpaper_08.png"/>
<ImageItem Image="TFTP:Desktops/800x480x24/syn_wallpaper_thumb_09.png" URL="TFTP:Desktops/800x480x24/syn_wallpaper_09.png"/>
<ImageItem Image="TFTP:Desktops/800x480x24/syn_wallpaper_thumb_10.png" URL="TFTP:Desktops/800x480x24/syn_wallpaper_10.png"/>
<ImageItem Image="TFTP:Desktops/800x480x24/syn_wallpaper_thumb_11.png" URL="TFTP:Desktops/800x480x24/syn_wallpaper_11.png"/>
<ImageItem Image="TFTP:Desktops/800x480x24/syn_wallpaper_thumb_12.png" URL="TFTP:Desktops/800x480x24/syn_wallpaper_12.png"/>
<ImageItem Image="TFTP:Desktops/800x480x24/CUCLTHUMB.png" URL="TFTP:Desktops/800x480x24/CUCL.png"/>
<ImageItem Image="TFTP:Desktops/800x480x24/catalina_thumb.png" URL="TFTP:Desktops/800x480x24/catalina.png"/>
<ImageItem Image="TFTP:Desktops/800x480x24/apple_thumb.png" URL="TFTP:Desktops/800x480x24/apple.png"/>
<ImageItem Image="TFTP:Desktops/800x480x24/avenue_139x109.png" URL="TFTP:Desktops/800x480x24/avenue_800x480.png"/>
<ImageItem Image="TFTP:Desktops/800x480x24/digitization_139x109.png" URL="TFTP:Desktops/800x480x24/digitization_800x480.png"/>
<ImageItem Image="TFTP:Desktops/800x480x24/equalizer_139x109.png" URL="TFTP:Desktops/800x480x24/equalizer_800x480.png"/>
<ImageItem Image="TFTP:Desktops/800x480x24/kub_139x109.png" URL="TFTP:Desktops/800x480x24/kub_800x480.png"/>
<ImageItem Image="TFTP:Desktops/800x480x24/lavender-field_139x109.png" URL="TFTP:Desktops/800x480x24/lavender-field_800x480.png"/>
<ImageItem Image="TFTP:Desktops/800x480x24/soap-bubble_139x109.png" URL="TFTP:Desktops/800x480x24/soap-bubble_800x480.png"/> 
<ImageItem Image="TFTP:Desktops/800x480x24/circuit_139x109.png" URL="TFTP:Desktops/800x480x24/circuit_800x480.png"/> 
<ImageItem Image="TFTP:Desktops/800x480x24/angrybirds_thumb.png" URL="TFTP:Desktops/800x480x24/angrybirds.png"/>
<ImageItem Image="TFTP:Desktops/800x480x24/nick_jr_thumb.png" URL="TFTP:Desktops/800x480x24/nick_jr.png"/>
<ImageItem Image="TFTP:Desktops/800x480x24/dev2_thumb.png" URL="TFTP:Desktops/800x480x24/dev2.png"/>
<ImageItem Image="TFTP:Desktops/800x480x24/dev2_thumb.png" URL="TFTP:Desktops/800x480x24/dev2.png"/>
<ImageItem Image="TFTP:Desktops/800x480x24/mountains_thumb.png" URL="TFTP:Desktops/800x480x24/mountains.png"/>
<ImageItem Image="TFTP:Desktops/800x480x24/bigsurtitties_thumb.png" URL="TFTP:Desktops/800x480x24/bigsurtitties.png"/>
<ImageItem Image="TFTP:Desktops/800x480x24/bigsurtitties_light_thumb.png" URL="TFTP:Desktops/800x480x24/bigsurtitties_light.png"/>
<ImageItem Image="TFTP:Desktops/800x480x24/elris_thumb.png" URL="TFTP:Desktops/800x480x24/elris.png"/>
<ImageItem Image="TFTP:Desktops/800x480x24/csp_white_thumb.png" URL="TFTP:Desktops/800x480x24/csp_white.png"/>
<ImageItem Image="TFTP:Desktops/800x480x24/csp_black_thumb.png" URL="TFTP:Desktops/800x480x24/csp_black.png"/>
<ImageItem Image="TFTP:Desktops/Thumbnails/Virtual_Background-Afternoon.jpg" URL="TFTP:Desktops/800x480x24/Virtual_Background-Afternoon.jpg"/>
<ImageItem Image="TFTP:Desktops/Thumbnails/Virtual_Background-Dark.jpg" URL="TFTP:Desktops/800x480x24/Virtual_Background-Dark.jpg"/>
<ImageItem Image="TFTP:Desktops/Thumbnails/Virtual_Background-Morning.jpg" URL="TFTP:Desktops/800x480x24/Virtual_Background-Morning.jpg"/>
<ImageItem Image="TFTP:Desktops/Thumbnails/Virtual_Background-Neutral.jpg" URL="TFTP:Desktops/800x480x24/Virtual_Background-Neutral.jpg"/>
<ImageItem Image="TFTP:Desktops/Thumbnails/Virtual_Background-Night.jpg" URL="TFTP:Desktops/800x480x24/Virtual_Background-Night.jpg"/>
<ImageItem Image="TFTP:Desktops/Thumbnails/Virtual_Background-ProductBackground_1.jpg" URL="TFTP:Desktops/800x480x24/Virtual_Background-ProductBackground_1.jpg"/>
<ImageItem Image="TFTP:Desktops/Thumbnails/Virtual_Background-ProductBackground_2.jpg" URL="TFTP:Desktops/800x480x24/Virtual_Background-ProductBackground_2.jpg"/>
<ImageItem Image="TFTP:Desktops/Thumbnails/Virtual_Background-ProductBackground_3.jpg" URL="TFTP:Desktops/800x480x24/Virtual_Background-ProductBackground_3.jpg"/>
<ImageItem Image="TFTP:Desktops/Thumbnails/Virtual_Background-ProductBackground_4.jpg" URL="TFTP:Desktops/800x480x24/Virtual_Background-ProductBackground_4.jpg"/>
<ImageItem Image="TFTP:Desktops/Thumbnails/Virtual_Background_1.jpg" URL="TFTP:Desktops/800x480x24/Virtual_Background_1.jpg"/>
<ImageItem Image="TFTP:Desktops/Thumbnails/Virtual_Background_2.jpg" URL="TFTP:Desktops/800x480x24/Virtual_Background_2.jpg"/>
<ImageItem Image="TFTP:Desktops/Thumbnails/Virtual_Background_3.jpg" URL="TFTP:Desktops/800x480x24/Virtual_Background_3.jpg"/>
<ImageItem Image="TFTP:Desktops/Thumbnails/Virtual_Background_4.jpg" URL="TFTP:Desktops/800x480x24/Virtual_Background_4.jpg"/>
</CiscoIPPhoneImageList>